name|last_name|address|cellphone-telephone|avatar
Nettie|Kuhic|443 Toy Street Suite 496|994321062-6723733|ba4e0485265ecedd0d7edaebfe8a153a.jpg
Miracle|Rutherford|999 Jamar Skyway|985756395-5187452|295ec48f9e6563404657c7ed271bf4d3.jpg
Sherwood|Cartwright|3431 Celine Manor Apt. 087|944374419-2710912|be58211e9e0cca329adc4746aed3a64f.jpg
Karina|Kassulke|77734 Rolando Fork Suite 113|963123714-5332655|d5a3c09e87bd07c40f5808cdf02d0665.jpg
Dax|Kiehn|0341 Rippin Extensions Apt. 442|930245388-6695677|7cdcf108a5771e1c6ef6b7e1f8b6d61e.jpg
Dawn|Mann|693 Magnus Avenue Apt. 046|946326930-6281101|f409ad6e53f804f4b5a0e57b099a6b4f.jpg
Ashley|Upton|2390 Weimann Key|931659886-3804381|c200e1d59540255bdeb3c9df76a53a02.jpg
Jazmyn|Rippin|134 Jordan Wall Apt. 974|943815818-4567429|c5afa4116f4eefb696598783a6feb397.jpg
Herminio|Hettinger|8245 Wyatt Vista|958070011-6201914|ec9cea2bbd324c80ee575140c87a5683.jpg
Breanne|D'Amore|7772 Nitzsche Walks|965036090-3723609|53da58d23d818295399233d47e48cd6c.jpg
Lyric|Hettinger|0999 Lina Trail Suite 059|951479686-7894892|6e255fce858d28c2fcdc6bdafa6685d5.jpg
Elsie|Koepp|0698 Earl Park|952601594-6360024|e2bb9aa3d6e38f149783d87f45529f91.jpg
Hillary|Parisian|7112 Kraig Lock|918356518-7198316|722dfc9a0fbdfb110d9bb5f81ec9051e.jpg
Richmond|Volkman|78676 Gulgowski Ville|953030089-2592487|aebcb8632eaa3ea35b9a3130ae460d34.jpg
Lela|Bernier|92817 Benny Wall Apt. 058|933242387-7327552|721c5cb0de3fb59a1f35d5df240e3603.jpg
Winston|D'Amore|7786 Maud Orchard|933819586-7376014|881ca88ac2a3cf9e621f8256b5d7c035.jpg
Jo|Champlin|82288 Macejkovic Villages Suite 479|99708004-1276503|213ad379cc24709849efad9067091415.jpg
Kathryn|Kozey|4087 Bernhard Forges Apt. 100|992669735-3334986|4e0a168fbc8b23a4ce3a6dfb83b81bec.jpg
Matilde|Lang|237 Osinski Stream Suite 297|96899621-3304029|69926aa003487ad71d8fcdf8b25976f1.jpg
Alia|Lemke|798 Jerome Unions|989161141-3147795|51d5a76ed7aa226190276782c55960d9.jpg
Elbert|Stroman|698 Macejkovic Field|990807088-6620649|c61028ef6654ddc94989adfb1b721123.jpg
Darryl|Jones|95457 Rice Curve|985148468-6335450|e9180096a2741bb76ef325e793076aad.jpg
Estelle|Bashirian|8424 Katarina Branch Suite 494|957556410-7712471|044f3e3c56d4b0df55a643abb357ca35.jpg
Mariane|Hansen|434 Jay Prairie|988225570-7493024|b9729d792c3a37a3d85064c460732600.jpg
Aaliyah|Collins|0325 Langworth Causeway|943435870-6494265|8542ea7295cdfc50e00e9ed6453da448.jpg
Alanis|Gislason|40391 Benton Vista|992216836-7331032|41f3f572cf8ede52e7249d46c63406ef.jpg
Pink|D'Amore|32064 Maida Island Suite 140|978081947-7741951|2c1293aed797da81a248124093f52cdd.jpg
Aidan|Gutkowski|260 Hilll Streets|978937525-3609176|b94a827712487ad368988d0904e91a72.jpg
Emelia|Dicki|803 Toby Roads Apt. 612|984668031-3495841|1e508600a44a9befa1b877187f5a6b7b.jpg
Estella|Ziemann|7806 Schultz Row Suite 727|986844945-6061169|381181e12fef57d3948dd729ccb8af14.jpg
Brendan|Eichmann|8157 Yost Trace|985527412-3500906|c1cdfa5a285c2d02a0b5562a73e266c2.jpg
Katelin|Beier|543 Kub Meadows Apt. 365|918905591-2405060|3072a4c9914c92f46c46f7f62363f543.jpg
Shanel|Schmeler|51746 Buster Drive Apt. 462|980342070-3704972|f364978aed6fce802e5b0432a09a0b4c.jpg
Paxton|Kertzmann|286 Fritsch Branch Apt. 357|935125454-6018816|d24b25a44713dee9bbb24908563e2e6a.jpg
Alyce|Mante|8734 Johnnie Vista|994453760-5155275|1dd15caee6b0d830c3617c80b93390f8.jpg
Jed|Rohan|58738 Madaline Course|910211329-6416482|a7af0a6b2b3ecee863fd2cb52f4dbe41.jpg
Garfield|McKenzie|89199 Bechtelar Turnpike|963746607-7564091|faeca12cb786d22125180cbc37a206d7.jpg
Damien|Wolff|3875 Watsica Views|918583865-6660472|7a91e6bd54ba29188cfc29a460d33800.jpg
Elna|Cartwright|44002 Calista Village|936657701-5373183|e10859e543befdd353483dfed560a2d3.jpg
Sydnie|Bosco|3508 Shanny Stream|971051971-3753124|6081e5dfc6b70609dd3a82bc55cd0cc8.jpg
Savanah|Dickens|5269 Daisy Centers|932063229-2035843|ef985856d501a5e25e903e23fc98cd28.jpg
Marquis|Heathcote|1658 Zboncak Wall|950029541-4281164|e349b8342e952b84505a72974ddfb895.jpg
Chanel|Koss|68337 Raheem Ramp|979753752-1335523|1dbebe1a99370d30721f7823538b1b56.jpg
Eloisa|Morar|193 Wiegand Ridge Apt. 454|929543348-2781266|ecf01bb78296e78b59025b5537db7600.jpg
Reed|Schmeler|9491 Goyette Rapids|976067815-2273921|2e5cdf3ebe37397b627fbe532454a67c.jpg
Doris|Ruecker|2336 Elnora Village|964702649-2546968|25409590b48309bb6e4e22781611e6e5.jpg
Gladyce|Pfannerstill|5918 Marquardt Pine Suite 346|971350393-4189506|cf3154ccabfdd67dea0d14b550278cb9.jpg
Mattie|Christiansen|99222 Camille Square|91065418-2508972|e82048f6e45b136643dda28a33d52b3d.jpg
Courtney|Bechtelar|327 Isabel Freeway Suite 615|932861598-3391472|5fb735259a471991fc5aadcae6753266.jpg
Korey|Romaguera|06376 Swaniawski Trail|915891876-6829455|cc11b8d96938e813c35ae51080ece48e.jpg
